image_id,dominantColor
101584096327287.jpg,cyan
1015843628729255.jpg,cyan
1015843817600697.jpg,brown
1015847942849255.jpg,grey
1015848922495659.jpg,grey
1015860616025900.jpg,brown
101587121859087.jpg,brown
1015872923221879.jpg,grey
1015880689396255.jpg,cyan
1015881803810400.jpg,grey
1015886489717400.jpg,brown
1015888633167400.jpg,cyan
1015893872828159.jpg,cyan
1015919765746400.jpg,grey
1016185190498485.jpg,grey
1083431215392992.jpg,cyan
1164963253867826.jpg,brown
1177054479325370.jpg,grey
1179632839106162.jpg,brown
1182341022139987.jpg,grey
1200084243701194.jpg,yellow
1244311392654441.jpg,brown
1254583554875900.jpg,brown
1499769653549133.jpg,grey
1670361106450011.jpg,grey
1826061167546670.jpg,grey
1878038662348506.jpg,grey
1902299746589478.jpg,cyan
198081468575764.jpg,brown
211477830544497.jpg,grey
2124236077718133.png,grey
217539406629970.jpg,purple
2408791426090222.jpg,cyan
2643019089294596.jpg,grey
2692923104300871.png,red
2702064866720028.png,red
2796041280663459.jpg,grey
2801462590174122.jpg,cyan
2809833202563836.jpg,brown
283787086671868.jpg,brown
2841354372631922.jpg,grey
2866644310290605.jpg,grey
2872601036361599.jpg,grey
287304456354676.png,blue
2874541359500900.jpg,grey
2909318586023177.jpg,grey
2956095584678810.jpg,grey
296822182035025.png,orange
3065716930131628.jpg,grey
3065729163463738.jpg,grey
3086990618004259.jpg,grey
3087339437969377.jpg,grey
3087410561295598.jpg,grey
3092017537501567.jpg,grey
3098326746913020.jpg,grey
3105982262771761.jpg,grey
3105996159437038.jpg,grey
3111958458840808.jpg,grey
3115074848529169.jpg,cyan
3127161823987138.jpg,grey
3127264817310172.jpg,grey
3127353843967936.jpg,green
3139012796199410.jpg,grey
3143300619103961.jpg,yellow
3146470662126887.jpg,blue
3147928141910506.jpg,grey
3152330888136898.jpg,grey
3152829368087050.jpg,grey
3165749760127450.jpg,grey
3166778076692179.jpg,grey
3167976749905645.jpg,grey
3170473666322620.jpg,cyan
3172879266139880.jpg,grey
3173866932649960.jpg,cyan
3179932812043372.jpg,grey
3188515701185083.jpg,grey
3188555841181069.jpg,grey
3210662368970416.jpg,grey
3222745157762137.jpg,grey
3230298897005281.jpg,cyan
3231742540195732.jpg,grey
3240574762645843.jpg,brown
3251421308237776.jpg,grey
3253456751357644.jpg,cyan
3264265610276758.jpg,grey
3264423776927608.jpg,cyan
3264685213568131.jpg,brown
3268179076616114.jpg,grey
3296935513676434.jpg,cyan
330325468684696.png,grey
3304642346239084.jpg,grey
3309026339134018.jpg,grey
3318239844879334.jpg,cyan
332325768345754.jpg,grey
3323437384359580.jpg,grey
3326643587372293.jpg,grey
3330714553631863.jpg,grey
3338782699491715.jpg,grey
3338833262819992.jpg,grey
3338850919484893.jpg,grey
3338914532811865.jpg,green
3338929569477028.jpg,grey
3338936952809623.jpg,grey
3347175408652444.jpg,grey
3358342560869062.jpg,grey
3358392667530718.jpg,grey
3377406925629292.jpg,grey
3384594404905534.jpg,grey
3388295567873761.jpg,brown
3395518073818177.jpg,grey
3395534973816487.jpg,green
3395639530467688.jpg,brown
3413371488694492.jpg,purple
3414747255228592.jpg,grey
3414813281888656.jpg,brown
3418799038151737.jpg,brown
3422857621084222.jpg,grey
3434528043250513.jpg,brown
3434551719914812.jpg,brown
3454295821273735.jpg,red
3456348944401756.jpg,grey
3472895392747111.jpg,cyan
3473900839313233.jpg,grey
3479662745398699.jpg,grey
3486264594743524.jpg,brown
3491270914242892.png,yellow
3491286300908020.jpg,green
3494306823934291.jpg,grey
3508694205875927.png,cyan
3508790859157564.jpg,brown
3508818412488142.jpg,cyan
3508946185808698.jpg,white
3519058214797495.jpg,blue
3526600887376561.jpg,cyan
3527195857317064.jpg,grey
3527318443971472.jpg,cyan
3530079800362003.jpg,brown
3560357204000929.jpg,grey
3564641526905830.jpg,purple
3564665300236786.jpg,grey
3578363735533609.jpg,blue
3595998787103437.jpg,grey
3616704768366172.jpg,brown
3618357531534229.jpg,grey
3618449204858395.jpg,brown
3618662144837101.jpg,brown
3618725444830771.jpg,grey
3618737848162864.jpg,brown
3624704420894530.jpg,grey
3631234473574858.jpg,brown
3645345258835456.jpg,cyan
3686935074675830.jpg,grey
3687813824588599.jpg,blue
3690637330972915.jpg,grey
3694545470582101.jpg,grey
3699851110051537.jpg,grey
3702644623091605.jpg,cyan
3704011602968821.jpg,grey
3716198988416189.jpg,red
3723738017662846.jpg,grey
3748503868519594.png,cyan
3748520928517888.png,cyan
3748526108517370.png,cyan
3748694535167194.png,cyan
3748699405166707.png,cyan
3748705318499449.png,cyan
3751582434878404.png,cyan
3751683964868251.png,cyan
3751686864867961.png,cyan
3751690054867642.png,cyan
3751696651533649.png,cyan
3751698988200082.png,cyan
3752333458133229.jpg,grey
3754698527900128.png,cyan
3754708811232433.png,cyan
3754711234565524.png,cyan
3754719647898016.png,cyan
3754721894564458.png,cyan
3754723884564259.png,cyan
3758678004168847.png,cyan
3758689554167692.png,cyan
3758692504167397.png,cyan
3758703267499654.png,cyan
3758718027498178.png,cyan
3758720317497949.png,cyan
3761282747241706.png,cyan
3761291143907533.png,cyan
3761292643907383.png,cyan
3761296657240315.png,cyan
3761308417239139.png,cyan
3761310660572248.png,cyan
3761899727180008.png,cyan
3761915723845075.png,cyan
3761923757177605.png,cyan
3761930413843606.png,cyan
3761945903842057.png,cyan
3761947787175202.png,cyan
3782081518552630.jpg,grey
3782680201763617.jpg,brown
3785027994858613.jpg,grey
3793692820658797.jpg,brown
3812955212069449.png,brown
3814341698593909.jpg,grey
3815033498533297.jpg,cyan
3815231115175192.jpg,grey
3817139621647450.jpg,cyan
3817320668301631.png,pink
3817939744909339.jpg,grey
3817944398242207.jpg,grey
3817947078241939.jpg,grey
3818005551569425.jpg,cyan
3818543408177296.jpg,grey
3820526587983988.jpg,cyan
3820529787983668.jpg,cyan
3820531827983464.jpg,cyan
3821442871220683.jpg,brown
3824826940887286.jpg,grey
3824832057553441.jpg,grey
3824836574219656.jpg,grey
3824855877551059.jpg,grey
3824858277550819.jpg,grey
3824860040883976.jpg,grey
3832430216793625.jpg,grey
3832443973458916.jpg,grey
3832448060125174.jpg,grey
3832783230086647.jpg,brown
3841496789211733.jpg,cyan
3845942218770748.jpg,grey
3847297125298366.jpg,cyan
3859560210738724.jpg,grey
3862969020397843.jpg,grey
3868409073187171.jpg,grey
3871968076173172.jpg,cyan
3876771735692806.jpg,white
3877430455626934.jpg,cyan
3877884635572948.jpg,cyan
3879466665423313.jpg,grey
3879613972075249.png,yellow
3883879271640151.jpg,grey
3893803550656291.jpg,grey
3902853956409349.png,brown
3912619508766127.jpg,grey
3915037371866242.jpg,grey
3925520977475980.jpg,cyan
3937580379644412.jpg,purple
3945394602163852.jpg,brown
3945403248829654.jpg,brown
3945423982160914.jpg,brown
3951917901502954.jpg,grey
3967750039919740.jpg,cyan
3970374213002101.png,blue
3977005092327568.jpg,grey
3986508311385814.jpg,grey
3986520931384552.jpg,grey
3991004587594285.jpg,grey
3996526260375451.jpg,green
4003849052984513.jpg,brown
4013118685386433.jpg,grey
4013573855337358.jpg,brown
4020085218019555.jpg,cyan
4024253720936038.jpg,cyan
4027361907300454.jpg,brown
4027406130629365.jpg,grey
4027483063955005.jpg,cyan
4033785339990884.png,yellow
4036592769702133.jpg,cyan
4042678365760240.jpg,grey
4043398289008631.jpg,cyan
4045984202096323.jpg,grey
4049422818419128.jpg,cyan
4054408284595816.jpg,grey
4059134434114633.jpg,grey
4062035020491241.jpg,grey
4066701526699825.jpg,grey
4067796216581788.jpg,grey
4079420788756222.jpg,grey
4081792595182150.jpg,grey
4082508401780794.jpg,cyan
4084893368205406.jpg,grey
4087949551233121.jpg,brown
4091198324241577.jpg,grey
4096155747095536.jpg,green
4100725716622171.jpg,grey
4109010065793736.jpg,grey
4114913948530933.jpg,brown
4118968521468115.jpg,grey
4121074164587326.jpg,brown
4121108241254143.jpg,cyan
4123847550976654.jpg,grey
4126339084060834.jpg,grey
4130024973692245.jpg,yellow
4132539610107448.jpg,cyan
4141642372530505.jpg,grey
4144231805604895.jpg,grey
4147226588638750.jpg,cyan
4150441618317247.jpg,grey
4152894351405307.jpg,cyan
4161813500513392.jpg,brown
4164777910216951.jpg,grey
4170577586303650.png,cyan
4172116622819971.jpg,green
4173720702656005.jpg,brown
4174055212668424.jpg,grey
4182904028404339.jpg,grey
4185607214800687.jpg,brown
4186635381368361.png,blue
4188636664497742.jpg,grey
4191498300878245.jpg,grey
4194208373940571.jpg,brown
4207556985939043.jpg,grey
4210740298954045.jpg,grey
4213530422008366.jpg,grey
4219642548063820.jpg,grey
4225869330820345.jpg,blue
4227722803922461.jpg,brown
4228438293854470.jpg,cyan
4233075463387195.jpg,grey
4234812023227349.jpg,cyan
4236200699741338.jpg,brown
4252961321398609.jpg,grey
4255694091125332.jpg,grey
4258689107492497.jpg,brown
4267386419956099.jpg,grey
4272113999483341.jpg,green
4274692165892191.jpg,cyan
4285053391522735.jpg,grey
4290076901020384.jpg,brown
4292803000747774.jpg,grey
4297865010245131.jpg,grey
4297867903578175.jpg,grey
4304087546289544.jpg,brown
4304232316275067.jpg,grey
4304436882917719.jpg,cyan
4307081172653290.jpg,brown
4311877495510549.jpg,grey
4316068245087916.jpg,cyan
4327741193966491.jpg,grey
4328026433892097.jpg,brown
4331210730240334.jpg,cyan
4345423818819025.jpg,grey
4350642724963801.jpg,grey
4353435501351190.jpg,cyan
4356262274401846.jpg,grey
4366471020047638.jpg,grey
4369461599748580.jpg,cyan
4375321135829293.jpg,cyan
4378246862203387.jpg,grey
4386513331376740.jpg,grey
4391537254207681.jpg,grey
4392727257425572.jpg,brown
4392749124090052.jpg,cyan
4396950036999736.jpg,cyan
4404770032884403.jpg,cyan
4407230449305028.jpg,grey
4409779025716837.jpg,grey
4414963975198342.jpg,grey
4415429398531003.jpg,green
4423306401030766.jpg,cyan
4423642257663847.jpg,grey
4428563930505013.jpg,cyan
4431028653591874.jpg,cyan
4434295323265207.jpg,cyan
4444058548955551.jpg,grey
4447852005242872.jpg,cyan
4458045037556902.jpg,cyan
4468292083198864.jpg,brown
4473220002706072.jpg,cyan
4478572365504169.jpg,grey
4486541588040580.jpg,blue
4489313001096772.jpg,cyan
4491882127506526.jpg,grey
4494763743885031.jpg,cyan
4500301193331286.jpg,cyan
4508637899164282.jpg,grey
4515407151820690.jpg,brown
4523691710992234.jpg,grey
4526356400725765.jpg,cyan
4540565609304844.jpg,cyan
4542623349144940.jpg,brown
4542628602477748.jpg,brown
4549942535079688.jpg,cyan
4551349351559803.jpg,cyan
4555132894514782.jpg,grey
4558318890862849.jpg,cyan
4561256023902469.jpg,cyan
4561923670502371.jpg,grey
4576798599014878.jpg,grey
4579967725364632.jpg,grey
4586192454742159.jpg,grey
4595684033793001.jpg,cyan
4601486913212713.jpg,grey
4604481719579899.jpg,blue
4629116300449774.jpg,brown
4638237536204317.jpg,brown
4641219742572763.jpg,cyan
4647421101952627.jpg,cyan
4665138436847560.jpg,brown
4666324563441484.jpg,cyan
4668035196557884.jpg,grey
4671473812880689.jpg,cyan
471398888529584.jpg,cyan
635180221206529.png,brown
649322892371404.jpg,yellow
669439430359750.jpg,yellow
694240971212929.jpg,cyan
735620383741654.jpg,grey
753245081979184.jpg,cyan
765227374114288.jpg,cyan
766470807323278.jpg,blue
770379796932379.jpg,cyan
781322415838117.jpg,grey
842188156556405.jpg,grey
10157582426046984.jpg,green
10157593146051984.jpg,blue
10157595551641984.jpg,grey
10157605664951984.jpg,purple
10157610915806984.jpg,grey
10157612969296984.jpg,white
10157613406531984.jpg,grey
10157616454131524.png,brown
10157633576581984.jpg,grey
10157635770606984.jpg,grey
10157638593211984.jpg,cyan
10157646639246984.jpg,grey
10157649025026984.jpg,grey
10157657968891984.jpg,grey
10157664958086984.jpg,cyan
10157665038656984.jpg,grey
10157666614646984.jpg,grey
10157667263231984.jpg,grey
10157669479936984.jpg,blue
10157671129736984.jpg,blue
10157681361626984.jpg,brown
10157700281941984.jpg,cyan
10157702454521984.jpg,grey
10157714164786984.jpg,blue
10157718684346984.jpg,green
10157720588956984.jpg,grey
10157746937801984.jpg,grey
10157765582211984.jpg,grey
10157767731876984.jpg,grey
10157772148031984.jpg,green
10157777370871984.jpg,blue
10157779811841984.jpg,blue
10157786505891984.jpg,grey
10157788450911984.jpg,blue
10157791395846984.jpg,green
10157794368366984.png,blue
10157796244771984.jpg,cyan
10157804426201984.jpg,grey
10157811748081984.png,purple
10157816804506984.jpg,brown
10157829890511984.jpg,grey
10157831694206984.jpg,brown
10157846619001984.png,blue
10157847272166984.jpg,red
10157851133196984.png,blue
10157869945026984.jpg,cyan
10157879633986984.jpg,cyan
10157880831126984.jpg,cyan
10157881555536984.jpg,brown
10157883265941984.jpg,cyan
10157886246051984.jpg,cyan
10157886450211984.jpg,grey
10157891483426984.jpg,blue
10157893080036984.jpg,cyan
10157893664081984.jpg,grey
10157895822866984.jpg,grey
10157908591771984.jpg,grey
10157912528291984.jpg,brown
10157926606171984.jpg,grey
10157928814311984.jpg,grey
10157930810451984.jpg,cyan
10157933400721984.jpg,cyan
10157940282396984.jpg,brown
10157942570186984.jpg,purple
10157946672601984.jpg,grey
10157955334831984.jpg,cyan
10157956745381984.jpg,blue
10157973789126984.jpg,cyan
10157987975881984.jpg,cyan
10157992415236984.jpg,cyan
10158004669506984.jpg,cyan
10158008815831984.jpg,grey
10158018738516984.jpg,grey
10158029078241984.jpg,cyan
10158036931946984.jpg,grey
10158045641571984.jpg,cyan
10158062380341984.jpg,grey
10158074722286984.jpg,brown
10158078816921984.jpg,grey
10158080688696984.jpg,cyan
10158090159661984.jpg,grey
10158091681831984.jpg,brown
10158094543336984.jpg,cyan
10158098539056984.jpg,blue
10158110177066984.jpg,grey
10158114223881984.jpg,cyan
10158120063021984.jpg,cyan
10158122521251984.jpg,cyan
10158124188606984.jpg,cyan
10158128579896984.jpg,blue
10158136808041984.jpg,brown
10158138787221984.jpg,blue
10158140705481984.jpg,grey
10158142652566984.jpg,brown
10158146946941984.jpg,yellow
10158149039681984.jpg,cyan
10158151100681984.jpg,grey
10158151370081984.jpg,brown
10158153545576984.jpg,cyan
10158156293836984.jpg,blue
10158156502541984.jpg,blue
10158158579891984.jpg,blue
10158160318881984.jpg,grey
10158162553931984.jpg,red
10158164399096984.jpg,cyan
10158164713411984.jpg,grey
10158166636866984.jpg,grey
10158168549361984.jpg,brown
10158168973826984.jpg,blue
10158170971636984.jpg,blue
10158172671941984.jpg,cyan
10158172889971984.jpg,blue
10158175056741984.jpg,blue
10158177044086984.jpg,blue
10158181267116984.jpg,grey
10158183400821984.jpg,cyan
10158187858381984.jpg,grey
10158192038961984.jpg,brown
10158194297906984.jpg,green
10158198655996984.jpg,blue
10158200264466984.jpg,grey
10158200675081984.jpg,blue
10158202486991984.jpg,blue
10158208537181984.png,cyan
10158214713621984.jpg,yellow
10158216791801984.jpg,grey
10158220782046984.png,cyan
10158224597226984.png,blue
10158226588861984.jpg,cyan
10158228079316984.jpg,blue
10158228301021984.jpg,cyan
10158228409196984.jpg,cyan
10158230506321984.jpg,brown
10158230627811984.jpg,green
10158231449513462.jpg,brown
10158234757911984.jpg,grey
10158237045086984.jpg,green
10158239557106970.jpg,grey
10158240429196984.jpg,cyan
10158242269256970.jpg,grey
10158244398606984.jpg,green
10158244901276984.jpg,blue
10158248113991970.jpg,brown
10158252695181984.png,blue
10158255068086984.jpg,brown
10158258467666970.jpg,grey
10158259895571984.jpg,blue
10158261638986970.jpg,brown
10158263688616970.jpg,grey
10158275082616970.jpg,grey
10158276875426984.jpg,grey
10158280759816984.jpg,brown
10158282608086970.jpg,red
10158288107436970.jpg,brown
10158291294581984.jpg,green
10158293773676984.jpg,cyan
10158293862146970.jpg,grey
10158296796136970.jpg,brown
10158299973756970.jpg,grey
10158300075271984.png,blue
10158301810551970.jpg,brown
10158304675831984.png,grey
10158305845051970.jpg,grey
10158308846506984.jpg,green
10158315968446970.jpg,grey
10158317570746984.jpg,green
10158318884041970.jpg,grey
10158319585351984.jpg,cyan
10158319784726984.jpg,grey
10158323801521970.jpg,grey
10158334299651984.jpg,brown
10158335782026970.jpg,grey
10158336119356984.jpg,orange
10158342395526984.jpg,green
10158346260106984.jpg,cyan
10158349927211970.jpg,brown
10158350232511984.jpg,grey
10158354495676970.jpg,grey
10158357061306970.jpg,cyan
10158358182321984.jpg,cyan
10158358738806984.jpg,grey
10158360931532819.jpg,grey
10158362739821984.jpg,brown
10158364672601984.jpg,grey
10158364966006970.jpg,cyan
10158366504971984.jpg,brown
10158367523641970.jpg,grey
10158371953711970.jpg,purple
10158374403981970.jpg,grey
10158374762693798.jpg,grey
10158376854491970.png,purple
10158379134466984.png,blue
10158379666768798.jpg,grey
10158380949586984.jpg,grey
10158384460936984.jpg,grey
10158385028866970.jpg,grey
10158387971381970.jpg,purple
10158389617066970.jpg,grey
10158389652386970.jpg,cyan
10158390211658798.jpg,brown
10158390414011984.jpg,brown
10158393013033798.jpg,grey
10158393799366970.jpg,grey
10158395391183798.jpg,grey
10158396027096984.jpg,grey
10158397777416984.jpg,cyan
10158398612623798.jpg,grey
10158401698821970.jpg,cyan
10158404699266970.jpg,grey
10158411151386970.jpg,grey
10158412146258798.jpg,brown
10158415692103798.jpg,grey
10158416927756970.jpg,cyan
10158417292453798.jpg,white
10158418289103798.jpg,grey
10158420805123798.jpg,grey
10158424294943798.jpg,cyan
10158426156737556.jpg,grey
10158428381502556.jpg,blue
10158428403761970.jpg,cyan
10158432341183798.jpg,grey
10158433353511970.jpg,brown
10158433796752556.jpg,grey
10158434340387556.jpg,grey
10158439046967556.jpg,cyan
10158440820843798.jpg,cyan
10158442071042556.jpg,cyan
10158442717691970.jpg,cyan
10158444207728798.jpg,cyan
10158444538507556.jpg,cyan
10158446481058798.jpg,white
10158447028277556.jpg,brown
10158450178796970.jpg,grey
10158450656897556.jpg,grey
10158452450847556.jpg,grey
10158452908397556.jpg,grey
10158453008996970.jpg,cyan
10158455585637556.jpg,green
10158457151496970.jpg,grey
10158457590563798.jpg,grey
10158458810862556.jpg,grey
10158459309176970.jpg,grey
10158459452328798.jpg,grey
10158460029206970.jpg,cyan
10158461196957556.jpg,cyan
10158463312747556.jpg,grey
10158464962396970.jpg,cyan
10158630552804002.jpg,grey
10158631441217556.jpg,cyan
10158631744124002.jpg,cyan
10158632202608798.jpg,brown
10158632964892556.jpg,brown
10158633492219002.jpg,cyan
10158633680043798.jpg,brown
10158633771369002.jpg,blue
10158634662744002.jpg,grey
10158635032734002.jpg,green
10158635291182556.jpg,brown
10158635972088798.jpg,grey
10158636329434002.jpg,grey
10158636698299002.jpg,brown
10158636935821597.jpg,green
10158637292097556.jpg,cyan
10158637752804002.png,grey
10158637806311597.jpg,grey
10158638659036970.jpg,cyan
10158638703876970.jpg,brown
10158639273899002.jpg,cyan
10158640552506597.jpg,grey
10158640560484002.jpg,brown
10158640671678798.jpg,green
10158640678536970.jpg,green
10158641779784002.jpg,cyan
10158641938827556.jpg,grey
10158643329344002.jpg,cyan
10158644418827556.jpg,grey
10158644512996970.jpg,grey
10158645191909002.jpg,grey
10158645369713798.jpg,grey
10158646455199002.jpg,cyan
10158646829089002.jpg,grey
10158646873684002.jpg,grey
10158647039034002.jpg,grey
10158647193169002.jpg,grey
10158647297499002.jpg,grey
10158647393822556.jpg,cyan
10158647695583798.jpg,grey
10158648001534002.jpg,grey
10158648370336597.jpg,cyan
10158649222427556.jpg,brown
10158650127063798.jpg,cyan
10158650752041597.jpg,grey
10158650771734002.jpg,cyan
10158651648381970.jpg,brown
10158651697692556.jpg,green
10158651899643798.jpg,grey
10158652232186970.jpg,purple
10158652369664002.jpg,grey
10158652807476597.jpg,brown
10158653805339002.jpg,cyan
10158653934607556.jpg,cyan
10158654232453798.jpg,cyan
10158654629634002.jpg,grey
10158655369099002.jpg,cyan
10158655412991970.jpg,purple
10158656021644002.jpg,cyan
10158656336874002.jpg,brown
10158656505202556.jpg,cyan
10158656514568798.jpg,grey
10158657330899002.jpg,cyan
10158657404311597.jpg,grey
10158658342667556.jpg,grey
10158659059883798.jpg,cyan
10158659329019002.jpg,grey
10158659845989002.jpg,grey
10158659926311597.jpg,grey
10158660420587556.jpg,grey
10158660550826970.jpg,grey
10158660989779002.jpg,green
10158661010101597.jpg,cyan
10158662157833798.jpg,brown
10158662609559002.jpg,grey
10158663110202556.jpg,grey
10158663547306597.jpg,cyan
10158664111409002.jpg,purple
10158664344627556.jpg,grey
10158664786514002.jpg,grey
10158664928176597.jpg,green
10158665644506597.jpg,brown
10158665645174002.jpg,cyan
10158665863993798.jpg,grey
10158666513599002.jpg,brown
10158666523969002.jpg,grey
10158666840584002.jpg,brown
10158667978944002.jpg,grey
10158670285899002.jpg,cyan
10158670721281597.jpg,grey
10158671087434002.jpg,brown
10158672047201970.jpg,grey
10158672323061597.jpg,grey
10158672482274002.jpg,brown
10158672879974002.jpg,cyan
10158673578548798.jpg,grey
10158673766587556.jpg,grey
10158673991689002.jpg,grey
10158674808356970.jpg,grey
10158674999289002.jpg,grey
10158675333709002.jpg,grey
10158675569770915.jpg,brown
10158676482379002.jpg,grey
10158676807691970.jpg,cyan
10158677132911597.jpg,cyan
10158677566964002.jpg,grey
10158677929429002.jpg,grey
10158678236669002.jpg,cyan
10158678566749002.jpg,cyan
10158679037824002.jpg,cyan
10158679295354002.jpg,grey
10158680066046597.jpg,grey
10158680085149002.jpg,green
10158680473164002.jpg,cyan
10158680546902556.jpg,green
10158681326613798.jpg,brown
10158681636624002.jpg,brown
10158682987577556.jpg,brown
10158683398749002.jpg,brown
10158683826716970.jpg,cyan
10158684155044002.jpg,grey
10158684695486597.jpg,grey
10158684924252556.jpg,grey
10158684998151597.jpg,grey
10158685014169002.jpg,cyan
10158685132984002.png,grey
10158685307554002.jpg,grey
10158685508423798.jpg,grey
10158685539888798.jpg,grey
10158686357006970.jpg,grey
10158687283006597.jpg,white
10158687670138798.jpg,grey
10158688296337556.jpg,cyan
10158689631819002.jpg,grey
10158689951456597.jpg,brown
10158690404173798.jpg,grey
10158690506997556.jpg,grey
10158690596236970.jpg,grey
10158691639716597.jpg,grey
10158691701964002.jpg,grey
10158692465169002.jpg,grey
10158692986672556.jpg,green
10158693088061970.jpg,grey
10158693538544002.jpg,brown
10158694301444002.jpg,grey
10158695199388798.png,green
10158695746638798.jpg,grey
10158696943049002.jpg,red
10158697196927556.jpg,brown
10158697345568798.jpg,cyan
10158697385926597.jpg,grey
10158698812549002.jpg,grey
10158699527691597.jpg,grey
10158699691618798.jpg,brown
10158699694707556.jpg,grey
10158699826659002.jpg,yellow
10158700570264002.jpg,grey
10158700848604002.jpg,grey
10158701514093798.jpg,cyan
10158702531037556.jpg,cyan
10158703837253798.jpg,brown
10158704534231597.jpg,green
10158706278158798.jpg,brown
10158706451559002.jpg,brown
10158706511826597.jpg,brown
10158706666118798.jpg,grey
10158706714303798.jpg,grey
10158708534189002.jpg,grey
10158709139412556.jpg,brown
10158709226859002.jpg,brown
10158709272833798.jpg,brown
10158709604134002.jpg,grey
10158709968526970.jpg,grey
10158711140319002.jpg,brown
10158711233748798.jpg,grey
10158711477672556.jpg,brown
10158712346484002.jpg,brown
10158712651569002.jpg,grey
10158712886666597.jpg,grey
10158713496077556.jpg,cyan
10158713546573798.jpg,grey
10158714592174002.jpg,grey
10158714709021597.jpg,grey
10158715027989002.jpg,grey
10158715899143798.jpg,brown
10158716960171970.jpg,cyan
10158717624359002.jpg,grey
10158718379658798.jpg,brown
10158718720814002.png,cyan
10158719447304002.jpg,brown
10158719577836597.jpg,green
10158720429683798.jpg,brown
10158720673631970.jpg,purple
10158721119694002.jpg,cyan
10158721332867556.jpg,brown
10158721897269002.jpg,grey
10158722683103798.jpg,brown
10158722762909002.jpg,green
10158722946013798.jpg,brown
10158723917424002.jpg,grey
10158724850858798.jpg,brown
10158724960003445.jpg,brown
10158725151661970.jpg,brown
10158725617819002.jpg,grey
10158726056212556.jpg,cyan
10158726068546597.jpg,cyan
10158726465294002.png,purple
10158727043923798.jpg,grey
10158727628643798.jpg,brown
10158727990727556.jpg,cyan
10158728665117556.png,green
10158728988236597.jpg,grey
10158729499674002.png,yellow
10158730610678798.jpg,brown
10158730983074002.jpg,grey
10158731191001597.jpg,grey
10158731204644002.jpg,cyan
10158731976343798.jpg,cyan
10158732206572556.jpg,grey
10158732682683798.jpg,cyan
10158733352419002.jpg,grey
10158734165371597.jpg,blue
10158734304324002.jpg,grey
10158734814953798.jpg,grey
10158735062257556.jpg,grey
10158735437663798.jpg,cyan
10158735832684002.png,grey
10158736488484002.png,blue
10158736674127556.jpg,grey
10158736828944002.jpg,grey
10158737452441597.jpg,cyan
10158737531364002.png,blue
10158737943543798.jpg,grey
10158738365322556.jpg,brown
10158739903476597.jpg,brown
10158740226663798.jpg,red
10158740516313798.jpg,red
10158740531302556.jpg,grey
10158741138964002.jpg,grey
10158742096224002.png,cyan
10158742564723798.jpg,brown
10158742951057556.jpg,cyan
10158744111586970.jpg,cyan
10158744264691597.jpg,grey
10158744661648798.jpg,cyan
10158744853418798.jpg,grey
10158744997872556.jpg,brown
10158746200524002.jpg,cyan
10158746553529002.jpg,grey
10158746600541597.jpg,grey
10158747358682556.jpg,brown
10158747534594002.jpg,grey
10158747544663798.jpg,purple
10158749054854002.jpg,grey
10158750114179002.png,grey
10158750600278798.jpg,red
10158750984906597.jpg,grey
10158751443618798.jpg,grey
10158751542629002.png,orange
10158751752906597.jpg,grey
10158752555804002.png,blue
10158752801071970.jpg,grey
10158753040556565.jpg,grey
10158753106809002.jpg,cyan
4681190485242355.jpg,brown
4693456104061663.jpg,brown
4703263456368391.jpg,grey
4706563436084263.jpg,cyan
4710907825603954.jpg,grey
4727619380599465.jpg,cyan
4729112187162721.jpg,blue
4732969490110324.jpg,brown
4734307486597321.jpg,brown
4737436789617724.jpg,cyan
4750185191676217.jpg,cyan
4753003394727730.jpg,grey
4753413658018987.jpg,blue
4755179411222665.jpg,cyan
4762061090488627.jpg,yellow
4765181740176562.jpg,grey
4773984325962970.jpg,brown
4779885425372860.jpg,grey
4782825178412218.jpg,blue
4790195797721026.jpg,brown
4791328434228559.jpg,brown
4796910183670384.jpg,cyan
4799677193393683.jpg,grey
4802625996432136.jpg,cyan
4822629991098403.jpg,cyan
4831076716920397.jpg,grey
4834454996582569.jpg,grey
4837503516277717.jpg,grey
4852112744816794.jpg,brown
4854746767886725.jpg,grey
4857697890924946.jpg,grey
4860742840620451.jpg,cyan
4863695213658547.jpg,cyan
4972579306149340.jpg,grey
5025467604193843.jpg,grey
5032844760122794.jpg,cyan
5054118564662080.jpg,purple
5054127177994552.jpg,purple
5057627927644477.jpg,brown
5090091671064769.jpg,cyan
5131585260248743.jpg,brown
5155207401219862.jpg,grey
5160233414050594.jpg,grey
5181108965296372.jpg,blue
5185115524895716.jpg,grey
5225933300813938.jpg,green
5237567022983899.jpg,grey
5249935378413730.jpg,cyan
5255737567833511.jpg,grey
5259430460797555.jpg,grey
5260356884038246.jpg,grey
5264160720324529.jpg,grey
5283649135042354.jpg,blue
5288809964526271.png,cyan
5303873449686589.png,grey
5315560061851261.png,blue
5331378723602728.png,grey
5331471336926800.jpg,purple
5347516285322305.png,green
5356923571048243.png,cyan
5366735216733745.png,red
5380822148658385.png,brown
5390324601041473.png,green
5391132500960683.jpg,brown
5399554786785121.png,cyan
5400682500005683.jpg,green
5418592814881318.png,red
5423120654428534.jpg,grey
5423395171067749.png,brown
5423403104400289.png,green
5433288010078465.png,brown
5456743727732893.png,brown
5599572616783336.jpg,cyan
5604480029625928.png,white
5609381235802474.png,grey
5623553757718555.png,brown
5632975216776409.png,yellow
5637620899645174.png,brown
5655367831203814.jpg,grey
5664203666986897.png,yellow
5673110049429592.png,cyan
5704565309617399.jpg,grey
5732317916842138.png,white
5745879498819313.png,white
5768870969853499.png,grey
10158465844751970.jpg,grey
10158470612946970.jpg,grey
10158471326332556.jpg,blue
10158471754177556.jpg,brown
10158472740146970.jpg,cyan
10158474465372556.jpg,brown
10158475914553798.jpg,brown
10158477307157556.jpg,brown
10158477962263798.jpg,cyan
10158481469141597.jpg,grey
10158482046027556.jpg,grey
10158482132236597.jpg,grey
10158484406756597.jpg,cyan
10158484785411597.jpg,cyan
10158485060866970.jpg,brown
10158485376282556.jpg,brown
10158487920082556.jpg,grey
10158488299343798.jpg,grey
10158489703732556.jpg,grey
10158490186312556.jpg,grey
10158492104326970.jpg,red
10158492746717556.jpg,cyan
10158493763933798.jpg,cyan
10158496354197556.jpg,brown
10158496515498798.jpg,yellow
10158496588561970.jpg,grey
10158496832899002.jpg,brown
10158497581926597.jpg,grey
10158498060973798.jpg,grey
10158498377009002.jpg,cyan
10158498504567556.jpg,cyan
10158499608384002.jpg,grey
10158500725966597.jpg,cyan
10158500973622556.jpg,grey
10158501023519002.jpg,grey
10158501354694002.jpg,cyan
10158501946903798.jpg,grey
10158502964119002.jpg,grey
10158502982431597.jpg,grey
10158503193529002.jpg,blue
10158503285197556.jpg,cyan
10158504182926970.jpg,grey
10158504606809002.jpg,brown
10158505279959002.jpg,grey
10158505293104002.jpg,brown
10158505314159002.jpg,grey
10158505330964002.jpg,brown
10158505339974002.jpg,brown
10158505352089002.jpg,brown
10158505368214002.jpg,cyan
10158505854076597.jpg,grey
10158506319722556.jpg,grey
10158507606064002.jpg,brown
10158507926452556.jpg,green
10158508364492556.jpg,grey
10158510064221597.jpg,white
10158510413943798.jpg,pink
10158510752872556.jpg,blue
10158510983628798.jpg,pink
10158511243621970.jpg,grey
10158511438263798.jpg,grey
10158513352778798.jpg,brown
10158514956829002.jpg,blue
10158515164371970.jpg,cyan
10158515394292556.jpg,grey
10158515475946597.jpg,grey
10158515732993798.jpg,yellow
10158515786043798.jpg,grey
10158516324819002.jpg,cyan
10158517145711597.jpg,grey
10158518094948798.jpg,pink
10158518109039002.jpg,brown
10158518118363798.jpg,grey
10158519471056970.jpg,grey
10158519881652556.jpg,cyan
10158520292306597.jpg,cyan
10158520503179002.jpg,green
10158520686033798.jpg,grey
10158522262164002.jpg,brown
10158523514348798.jpg,brown
10158523744416597.jpg,cyan
10158524461857556.jpg,cyan
10158524767769002.jpg,blue
10158524827852556.jpg,cyan
10158526260873798.png,purple
10158526524116597.jpg,cyan
10158527281047556.jpg,green
10158527383351970.jpg,grey
10158528664444002.jpg,red
10158529801853798.jpg,grey
10158530187751970.jpg,brown
10158530198602556.jpg,cyan
10158530664704002.jpg,brown
10158531681739002.jpg,cyan
10158531914627556.jpg,grey
10158532307303798.jpg,pink
10158533758557556.jpg,cyan
10158534091738798.jpg,grey
10158534151753798.jpg,grey
10158534622456597.jpg,cyan
10158534873886597.jpg,pink
10158535897102556.jpg,green
10158536736888798.jpg,grey
10158538773732556.jpg,cyan
10158539491883798.jpg,pink
10158539520429002.png,grey
10158539993204002.jpg,cyan
10158540252682556.jpg,purple
10158540343236970.jpg,cyan
10158540613517556.jpg,grey
10158541754764002.jpg,brown
10158543500004002.jpg,grey
10158544304453798.jpg,grey
10158544769424002.jpg,cyan
10158545033151970.jpg,grey
10158545516002556.jpg,cyan
10158546349349002.jpg,grey
10158547093606970.jpg,grey
10158547237689002.jpg,cyan
10158547516228798.jpg,cyan
10158547832511970.jpg,brown
10158548256494002.jpg,brown
10158548298182556.jpg,cyan
10158549184963798.jpg,grey
10158549724628798.jpg,pink
10158550044544002.jpg,cyan
10158550534877556.jpg,brown
10158551684998798.jpg,grey
10158551804588798.jpg,cyan
10158552083954002.jpg,cyan
10158552086418798.jpg,grey
10158552486264002.jpg,purple
10158553021404002.jpg,grey
10158553367981597.jpg,brown
10158554522411597.jpg,blue
10158554573918798.jpg,cyan
10158555282687556.jpg,grey
10158555460474002.png,grey
10158555838254002.png,orange
10158556124432556.jpg,grey
10158556487729002.jpg,grey
10158556515998798.jpg,pink
10158557026071970.jpg,grey
10158557661459002.jpg,cyan
10158558150027556.jpg,cyan
10158558305157556.jpg,pink
10158558551032556.jpg,grey
10158558704544002.jpg,grey
10158558835491597.jpg,green
10158560355959002.jpg,grey
10158560715097556.jpg,red
10158560984992556.jpg,green
10158561346516970.jpg,cyan
10158562099014002.jpg,grey
10158562620919002.jpg,brown
10158563317529002.jpg,brown
10158563937712556.jpg,grey
10158564089138798.jpg,brown
10158564643214002.jpg,brown
10158565040739002.jpg,brown
10158565533884002.jpg,brown
10158565806068798.jpg,grey
10158565859392556.jpg,cyan
10158566218748798.jpg,pink
10158566351026597.jpg,brown
10158566366959002.jpg,grey
10158567922237556.jpg,grey
10158568045373798.jpg,grey
10158568197253798.jpg,brown
10158569109804002.jpg,cyan
10158569940974002.jpg,grey
10158570085937556.jpg,grey
10158570140836597.jpg,grey
10158570469782556.jpg,grey
10158571228464002.jpg,brown
10158571659799002.jpg,grey
10158571865646597.jpg,grey
10158572722471597.jpg,cyan
10158572817606970.jpg,grey
10158572887276970.jpg,grey
10158572897873798.jpg,pink
10158573350734002.jpg,green
10158573378017556.jpg,grey
10158573921409002.jpg,cyan
10158574211101597.jpg,cyan
10158575176702556.jpg,grey
10158575182474002.jpg,brown
10158575554997556.jpg,grey
10158576422959002.jpg,cyan
10158577310099002.jpg,cyan
10158577546696970.jpg,cyan
10158577857234002.jpg,cyan
10158578073572556.jpg,grey
10158578359974002.jpg,grey
10158578675873798.jpg,pink
10158578963776597.jpg,grey
10158578996079002.jpg,brown
10158580042032556.jpg,cyan
10158580086999002.jpg,cyan
10158580428606970.jpg,grey
10158581605549002.jpg,grey
10158581606376597.jpg,cyan
10158581792843798.jpg,brown
10158581978229002.jpg,cyan
10158582465449002.jpg,cyan
10158582649142556.jpg,brown
10158582664291970.jpg,cyan
10158583528619002.jpg,cyan
10158583562739002.jpg,cyan
10158583821138798.jpg,pink
10158584878289002.jpg,grey
10158584997626970.jpg,grey
10158585185942556.jpg,grey
10158585324934002.jpg,grey
10158586688529002.jpg,grey
10158587054801597.jpg,brown
10158587141064002.jpg,brown
10158587284266970.jpg,grey
10158589227261970.jpg,green
10158589542016597.jpg,brown
10158589994718798.jpg,brown
10158590209887556.jpg,blue
10158590584937556.jpg,grey
10158591620439002.jpg,grey
10158592509342556.jpg,cyan
10158592796954002.jpg,brown
10158592860122556.jpg,brown
10158593108529002.jpg,grey
10158595041579002.jpg,grey
10158595850307556.jpg,cyan
10158596500449002.jpg,cyan
10158597399092556.png,brown
10158597990283798.jpg,cyan
10158597999769002.jpg,grey
10158598152513798.jpg,grey
10158599295204002.jpg,green
10158599723844002.jpg,grey
10158600008537556.jpg,grey
10158600729369002.jpg,grey
10158601273946597.jpg,grey
10158601730859002.jpg,cyan
10158602355417556.jpg,blue
10158602465368798.jpg,grey
10158602504953798.jpg,grey
10158603297361597.jpg,green
10158604191429002.jpg,grey
10158604495872556.jpg,grey
10158605519989002.jpg,cyan
10158605804608798.png,grey
10158606317411597.jpg,purple
10158608060467556.jpg,grey
10158608067072556.jpg,grey
10158608072472556.jpg,brown
10158608075417556.jpg,cyan
10158608082357556.jpg,grey
10158608106262556.jpg,grey
10158608108007556.jpg,grey
10158608110437556.jpg,green
10158608113537556.jpg,grey
10158608125412556.jpg,blue
10158610090254002.jpg,red
10158610260271597.jpg,yellow
10158610396817556.jpg,cyan
10158610649979002.jpg,grey
10158611223094002.jpg,cyan
10158611837617556.jpg,blue
10158612093974002.jpg,cyan
10158612143706597.jpg,cyan
10158612520716970.jpg,grey
10158612551556597.jpg,cyan
10158613678448798.jpg,grey
10158614887252556.jpg,cyan
10158615128369002.jpg,cyan
10158615495324002.jpg,grey
10158616571683798.jpg,grey
10158616603742556.jpg,cyan
10158616797704002.png,purple
10158617173301597.jpg,cyan
10158617609413798.png,purple
10158618025134002.jpg,grey
10158618288978798.jpg,grey
10158618847338798.jpg,grey
10158619194319002.jpg,grey
10158620501713798.jpg,grey
10158621020612556.jpg,cyan
10158621997466970.jpg,grey
10158622143624002.jpg,green
10158622581999002.jpg,grey
10158622718038798.jpg,grey
10158623039164002.jpg,brown
10158623744497556.jpg,grey
10158623805544002.jpg,grey
10158624878608798.jpg,green
10158624987038798.jpg,grey
10158625125364002.jpg,brown
10158625235543798.jpg,brown
10158625452767556.jpg,cyan
10158625500889002.jpg,grey
10158625773552556.jpg,grey
10158626747641970.jpg,grey
10158626912354002.jpg,brown
10158627204708798.jpg,brown
10158628133097556.jpg,brown
10158628560444002.jpg,grey
10158628835391970.jpg,brown
10158628981309002.jpg,cyan
10158630198234002.jpg,grey
10158630462081597.jpg,brown
10158753652477556.jpg,grey
10158753864541597.png,brown
10158753994533798.jpg,grey
10158754340776597.jpg,cyan
10158754741454002.jpg,grey
10158755521519002.jpg,purple
10158755784412556.jpg,grey
10158755826669002.png,orange
10158756096919002.jpg,grey
10158756414986597.jpg,cyan
10158756529958798.jpg,grey
10158756622846970.jpg,grey
10158757122624002.jpg,cyan
10158757184421597.jpg,grey
10158757809894002.png,green
10158758285967556.jpg,grey
10158758356834002.jpg,cyan
10158758984227556.jpg,grey
10158759463194002.png,orange
10158760177552556.jpg,grey
10158760821992556.jpg,green
10158761159173798.jpg,brown
10158761426324002.jpg,brown
10158761827256597.jpg,brown
10158761921204002.jpg,red
10158762462557556.jpg,pink
10158762611914002.jpg,grey
10158762893159002.jpg,brown
10158763124454002.png,red
10158763172917556.jpg,grey
10158763968366597.png,grey
10158764418441597.jpg,cyan
10158764663861970.jpg,cyan
10158764725573798.jpg,brown
10158765339867556.jpg,purple
10158765585538798.jpg,brown
10158766591647556.jpg,grey
10158766834921597.jpg,green
10158766899536970.jpg,grey
10158767060494002.jpg,white
10158767200462556.jpg,grey
10158767582833798.jpg,grey
10158767999827556.jpg,grey
10158769084687556.jpg,grey
10158769381061597.jpg,brown
10158769558564002.jpg,brown
10158770754629002.png,orange
10158771575977556.jpg,cyan
10158772073208798.jpg,grey
10158773182466970.jpg,grey
10158773386339002.jpg,brown
10158773439884002.jpg,grey
10158773452479002.jpg,grey
10158773491284002.jpg,brown
10158773498509002.jpg,brown
10158773503354002.png,blue
10158773846642556.jpg,cyan
10158773890551597.jpg,cyan
10158774200454002.jpg,brown
10158774809951970.jpg,grey
10158775153449002.png,red
10158775938917556.jpg,cyan
10158776701726597.jpg,grey
10158777538314002.png,red
10158779481402556.jpg,blue
10158779585806970.jpg,cyan
10158779834151597.jpg,blue
10158779843853798.jpg,cyan
10158780275834002.jpg,grey
10158780312009002.jpg,cyan
10158780368894002.jpg,grey
10158780737268798.jpg,grey
10158781371459002.jpg,grey
10158782778687556.jpg,blue
10158782909598798.jpg,red
10158783452287556.jpg,cyan
10158783537832556.jpg,cyan
10158783915234002.jpg,brown
10158784487916970.jpg,yellow
10158785651467556.jpg,grey
10158785663947556.jpg,grey
10158786792319002.jpg,cyan
10158787275612556.jpg,cyan
10158787730546597.jpg,brown
10158788437428798.jpg,grey
10158788981646597.jpg,brown
10158789167099002.jpg,cyan
10158789363012556.jpg,cyan
10158789406219002.jpg,grey
10158790222180860.jpg,cyan
10158791208551597.jpg,grey
10158791567487556.jpg,grey
10158792354757556.jpg,grey
10158792412223798.jpg,grey
10158793687804002.jpg,green
10158794254549002.jpg,grey
10158794288137556.jpg,cyan
10158795307086970.jpg,grey
10158795554053798.jpg,red
10158795638993798.jpg,red
10158796216326597.png,brown
10158796420744002.png,blue
10158796556557556.jpg,grey
10158796863452556.jpg,brown
10158798212612556.jpg,green
10158798581463798.jpg,red
10158798948756597.jpg,grey
10158799436954002.jpg,cyan
10158799657343798.jpg,red
10158800537082556.jpg,grey
10158800579174002.jpg,cyan
10158801298654002.jpg,grey
10158801953789002.jpg,brown
10158802339871970.jpg,grey
10158802919802556.jpg,cyan
10158802931332556.jpg,blue
10158803093879002.jpg,grey
10158803488091597.jpg,cyan
10158803513279002.jpg,cyan
10158803989041597.png,brown
10158804257104002.jpg,brown
10158805361572556.jpg,blue
10158805976646597.png,grey
10158807322421970.jpg,cyan
10158807746067556.jpg,grey
10158808497831597.png,brown
10158808755074002.jpg,grey
10158809117099002.jpg,grey
10158809463362556.jpg,brown
10158810018427556.jpg,cyan
10158810196826597.jpg,grey
10158810678719002.jpg,brown
10158810680324002.jpg,green
10158810705321597.jpg,purple
10158810848269002.jpg,cyan
10158811566984002.jpg,grey
10158811626551970.jpg,grey
10158811959917556.jpg,purple
10158812757522556.jpg,cyan
10158813005844002.jpg,grey
10158813384801597.png,grey
10158813489879002.jpg,cyan
10158813801527556.jpg,cyan
10158813967936970.jpg,purple
10158814800456597.png,grey
10158814833398798.jpg,brown
10158815825934002.jpg,grey
10158815853244002.jpg,cyan
10158816216592556.jpg,cyan
10158816312649002.jpg,cyan
10158816341829002.jpg,grey
10158816499368798.jpg,grey
10158817841474002.jpg,cyan
10158817867784002.jpg,cyan
10158817888884002.jpg,cyan
10158817951949002.jpg,cyan
10158817990589002.jpg,grey
10158818266804002.jpg,cyan
10158818368002556.jpg,grey
10158819117182556.jpg,grey
10158820041846597.jpg,cyan
10158820078461597.jpg,blue
10158820137061241.jpg,green
10158821362076970.jpg,cyan
10158822640016597.jpg,grey
10158823023523798.jpg,brown
10158823144319002.jpg,cyan
10158823334242556.jpg,grey
10158823334307556.jpg,blue
10158823683866970.jpg,brown
10158825422754002.jpg,grey
10158826443881597.jpg,grey
10158827352178798.jpg,brown
10158827992029002.jpg,cyan
10158828357334002.jpg,grey
10158828397612556.jpg,grey
10158828669776597.jpg,grey
10158829033731970.jpg,cyan
10158829514797556.jpg,cyan
10158830676709002.jpg,brown
10158831170703798.jpg,brown
10158831973221597.png,cyan
10158832453217556.jpg,grey
10158832555139002.jpg,grey
10158832629994002.jpg,blue
10158832637744002.jpg,brown
10158832650129002.jpg,blue
10158832652999002.jpg,blue
10158832661869002.jpg,blue
10158832667259002.jpg,grey
10158832669109002.jpg,blue
10158832672414002.jpg,blue
10158832676559002.jpg,brown
10158832679174002.jpg,brown
10158832713419002.jpg,blue
10158832745994002.jpg,blue
10158832748574002.jpg,blue
10158832868444002.jpg,brown
10158833186713798.jpg,grey
10158833533206970.jpg,grey
10158833964446597.jpg,grey
10158834264957556.jpg,grey
10158835480287556.jpg,grey
10158835836431597.jpg,grey
10158836237991597.jpg,cyan
10158837307072556.jpg,yellow
10158837605171597.png,grey
10158838079074002.jpg,blue
10158838127416597.png,grey
10158839244967556.jpg,grey
10158840433069002.jpg,grey
10158840680821597.jpg,cyan
10158841182526597.jpg,grey
10158841795108798.jpg,yellow
10158843420984002.jpg,blue
10158843583229002.jpg,grey
10158843644246970.jpg,grey
10158844725508798.jpg,cyan
10158844917567556.jpg,grey
10158845089486597.png,cyan
10158846088752556.jpg,grey
10158847558148798.png,cyan
10158847828851597.jpg,brown
10158848299096597.png,grey
10158848777137556.jpg,grey
10158849207439002.jpg,brown
10158849546403798.jpg,brown
10158849690021597.jpg,brown
10158850540996597.png,brown
10158850799189002.jpg,grey
10158850964313798.jpg,brown
10158851617894002.jpg,grey
10158853243376970.jpg,brown
10158853459814002.jpg,brown
10158853476224777.png,brown
10158853984917556.jpg,grey
10158854286953798.jpg,brown
10158854542884002.jpg,grey
10158856529312556.jpg,yellow
10158857410784002.jpg,grey
10158857639221597.jpg,cyan
10158857646803798.jpg,brown
10158858145944002.jpg,grey
10158859129856597.jpg,grey
10158860352423798.jpg,cyan
10158861801874002.jpg,blue
10158862743302556.jpg,cyan
10158862959519002.jpg,brown
10158863458758798.jpg,grey
10158864715646597.jpg,grey
10158864793839002.jpg,grey
10158864830024002.jpg,purple
10158864843914002.jpg,grey
10158864887414002.jpg,brown
10158865079906597.jpg,cyan
10158865487337556.jpg,brown
10158866523412556.jpg,yellow
10158866836461597.png,grey
10158868603511970.jpg,red
10158869345586597.png,cyan
10158870908691970.jpg,grey
10158871859313798.jpg,grey
10158873039301597.jpg,grey
10158873423261970.jpg,purple
10158874046646597.jpg,cyan
10158874489382556.jpg,brown
10158874568978798.png,brown
10158875494771597.jpg,grey
10158875839416597.jpg,cyan
10158875876412556.jpg,brown
10158876390351970.jpg,grey
10158876851311597.jpg,red
10158876944974002.jpg,brown
10158877831341597.jpg,grey
10158878035009002.jpg,grey
10158878633742556.jpg,brown
10158878842631970.jpg,brown
10158880329919002.jpg,grey
10158880434157556.jpg,green
10158882517447556.jpg,brown
10158883049829002.jpg,yellow
10158883139581970.jpg,grey
10158883358836970.jpg,cyan
10158883664498798.jpg,brown
10158884890756597.jpg,blue
10158884981236597.jpg,grey
10158885356029002.jpg,green
10158887777859002.jpg,grey
10158888576014002.jpg,cyan
10158890016704002.jpg,grey
10158890184872556.jpg,grey
10158890657529002.png,blue
10158890973674002.jpg,cyan
10158891760239002.jpg,green
10158892081746597.jpg,brown
10158892637331970.jpg,grey
10158892656904002.jpg,grey
10158893197939002.jpg,grey
10158893532839002.jpg,grey
10158894077986597.jpg,grey
10158894909826597.jpg,grey
10158894943131970.jpg,brown
10158895345083798.jpg,brown
10158895647744002.jpg,grey
10158896390941597.jpg,cyan
10158897410881970.jpg,purple
10158898973891597.jpg,cyan
10158899415416970.jpg,cyan
10158899439234002.jpg,brown
10158900583144002.jpg,blue
10158900767931597.jpg,red
10158901297761597.png,grey
10158901543004002.jpg,brown
10158901737261970.jpg,brown
10158903339499002.jpg,grey
10158903727147556.jpg,grey
10158903950716597.png,grey
10158905691279002.jpg,grey
10158908156296597.jpg,grey
10158908658503798.jpg,cyan
10158909442261970.jpg,grey
10158910602201597.jpg,brown
10158911056344002.png,blue
10158911206647556.jpg,red
10158912613808798.jpg,brown
10158914389672556.jpg,brown
10158914503766970.jpg,purple
10158916236473798.jpg,grey
10158916733384002.jpg,cyan
10158916988782556.jpg,blue
10158917321126597.jpg,brown
10158919110249002.jpg,cyan
10158920575697556.jpg,blue
10158921331341970.jpg,grey
10158922019693798.jpg,grey
10158923627359002.jpg,grey
10158923652647556.jpg,grey
10158923860891970.jpg,grey
10158925520318798.jpg,brown
10158925538647556.jpg,cyan
10158926303836970.jpg,grey
10158926440566597.jpg,brown
10158927308503798.jpg,grey
10158928183443798.jpg,grey
10158928656809002.jpg,brown
10158929946228798.jpg,brown
10158930662137556.jpg,grey
10158930861201970.jpg,cyan
10158931091998798.jpg,grey
10158931700626597.jpg,grey
10158933335533798.jpg,brown
10158933564074002.jpg,brown
10158934239389002.jpg,grey
10158934245486597.jpg,grey
10158934506712556.jpg,brown
10158934571569002.png,cyan
10158934715283798.jpg,brown
10158935364909002.jpg,grey
10158935493978798.jpg,brown
10158935555641970.jpg,grey
10158936922559002.jpg,grey
10158937169662556.jpg,grey
10158937924023798.jpg,grey
10158938696379002.jpg,cyan
10158939194649002.jpg,blue
10158939625454002.jpg,grey
10158939666172556.jpg,brown
10158940185793798.jpg,brown
10158940442586970.jpg,grey
10158941305804002.png,blue
10158941685816597.jpg,grey
10158941935718798.jpg,grey
10158942892801970.jpg,cyan
10158942944442556.jpg,grey
10158943952164002.jpg,cyan
10158944461929002.jpg,cyan
10158944658946970.jpg,purple
10158944798209002.jpg,grey
10158945250667556.png,red
10158946583179002.jpg,grey
10158946933894002.jpg,grey
10158947164447556.jpg,blue
10158947196728798.jpg,grey
10158948396006597.jpg,grey
10158948579596970.jpg,green
10158948951814002.jpg,purple
10158949489483798.jpg,pink
10158950025984002.jpg,grey
10158951691224002.jpg,yellow
10158952104589002.jpg,cyan
10158952320887556.jpg,grey
10158953347981597.jpg,grey
10158953358339002.jpg,brown
10158953434141597.jpg,grey
10158953769526597.jpg,green
10158954064439002.jpg,cyan
10158954353747556.jpg,grey
10158955543171970.jpg,grey
10158955720684002.jpg,grey
10158956524877556.png,green
10158956628649002.jpg,cyan
10158957001219002.jpg,cyan
10158957113523798.jpg,pink
10158958012154002.jpg,cyan
10158958556361597.jpg,cyan
10158958888243798.jpg,grey
10158959208614002.jpg,cyan
10158959862097556.jpg,cyan
10158961477714002.jpg,brown
10158961868891597.jpg,cyan
10158962089981970.jpg,purple
10158963349247556.jpg,cyan
10158964439168798.jpg,grey
10158964573652556.jpg,blue
10158964582104002.jpg,cyan
10158965232079002.jpg,grey
10158965896608798.png,orange
10158966363226970.jpg,grey
10158967523999002.jpg,brown
10158968460746970.png,grey
10158969500907556.jpg,cyan
10158969653589002.jpg,grey
10158970785521597.jpg,cyan
10158971026998798.jpg,grey
10158971211718798.jpg,brown
10158971217156970.jpg,grey
10158971246699002.jpg,grey
10158971550684002.jpg,cyan
10158971918659002.jpg,grey
10158973360292556.jpg,grey
10158973380161597.png,cyan
10158973547183798.png,green
10158975551476970.jpg,grey
10158975789859002.jpg,cyan
10158976589224002.jpg,grey
10158976935414002.png,blue
10158977538161597.jpg,brown
10158978077811970.jpg,grey
10158978501366597.jpg,brown
10158979013017556.jpg,grey
10158979878201970.jpg,grey
10158980189852556.jpg,purple
10158980231799002.jpg,grey
10158981105153798.jpg,brown
10158981943721970.jpg,grey
10158981955364002.jpg,brown
10158982703914002.jpg,purple
10158983410632556.jpg,brown
10158985278847556.jpg,grey
10158985455721597.jpg,grey
10158985494973798.jpg,brown
10158985809004002.jpg,cyan
10158986080339002.jpg,green
10158986786764002.jpg,grey
10158987478859787.jpg,grey
10158987575799787.jpg,grey
10158988344713798.jpg,grey
10158988412659002.jpg,purple
10158988867621597.jpg,grey
10158989098544002.jpg,pink
10158989281881970.jpg,cyan
10158989696657556.jpg,grey
10158990562909002.jpg,yellow
10158991086298798.jpg,brown
10158991872425921.png,cyan
10158992020834002.jpg,brown
10158992586671597.jpg,brown
10158992647187556.jpg,cyan
10158993008518798.png,pink
10158994338564002.jpg,cyan
10158994775671970.jpg,grey
10158995143888798.jpg,grey
10158995480257556.jpg,cyan
10158996905214002.jpg,grey
10158996921992556.jpg,blue
10158997977384002.jpg,brown
10158999102923798.jpg,cyan
10158999270597556.jpg,brown
10158999588261970.jpg,grey
10159000444844002.jpg,cyan
10159001367559002.jpg,grey
10159001908481970.jpg,purple
10159002049202556.jpg,grey
10159002608396597.jpg,grey
10159003093254002.jpg,cyan
10159004027738798.jpg,brown
10159004465567556.jpg,brown
10159005524796597.jpg,cyan
10159005860464002.jpg,grey
10159006455177556.jpg,green
10159006474468798.jpg,brown
10159006707184002.jpg,grey
10159007250226970.jpg,grey
10159008263406597.jpg,grey
10159009224524002.jpg,cyan
10159010074519002.jpg,blue
10159010080448798.jpg,brown
10159010986304002.jpg,cyan
10159011489876970.jpg,cyan
10159011735689002.jpg,green
10159012139668798.jpg,grey
10159012778994002.jpg,grey
10159014557112556.jpg,brown
10159014682971597.jpg,brown
10159015216179002.jpg,brown
10159015966057556.jpg,brown
10159016114599002.jpg,cyan
10159016132796970.jpg,grey
10159017043118798.jpg,brown
10159018375833798.jpg,brown
10159018444144002.png,cyan
10159018468486597.jpg,grey
10159018725137556.jpg,brown
10159021142092556.jpg,cyan
10159021421064002.jpg,grey
10159021444841597.jpg,white
10159021577198798.jpg,brown
10159021594176597.jpg,green
10159021696633798.jpg,grey
10159022755458798.jpg,cyan
10159023126076597.jpg,brown
10159023279897556.jpg,cyan
10159023569189002.jpg,grey
10159024563634002.jpg,cyan
10159025148913798.jpg,brown
10159025467146970.jpg,cyan
10159025473696597.jpg,green
10159025540534002.jpg,brown
10159026285752556.jpg,grey
10159026807539002.jpg,grey
10159027085874002.jpg,brown
10159027673811970.jpg,purple
10159029082736597.jpg,red
10159029286912556.jpg,grey
10159030382976597.jpg,grey
10159030520832556.jpg,brown
10159031127442556.jpg,yellow
10159031289571597.jpg,grey
10159031637004002.jpg,brown
10159032323778798.jpg,grey
10159032523391970.jpg,brown
10159032798377556.jpg,cyan
10159034917099002.jpg,brown
10159034945793798.jpg,brown
10159035589657556.jpg,grey
10159035782754002.jpg,grey
10159037064903798.jpg,cyan
10159037104736970.jpg,brown
10159037967189002.jpg,cyan
10159038388647556.jpg,cyan
10159039223227556.jpg,white
10159039322466970.jpg,grey
10159039731189002.jpg,cyan
10159039867288798.jpg,brown
10159040381494002.jpg,grey
10159041027491597.jpg,brown
10159041518701970.jpg,cyan
10159043064474002.jpg,cyan
10159043423446597.jpg,green
10159044346173798.jpg,brown
10159044436867556.jpg,cyan
10159044771549002.jpg,brown
10159045108033798.jpg,brown
10159045675131597.jpg,cyan
10159046277614002.jpg,grey
10159047624557556.jpg,cyan
10159047705324002.jpg,grey
10159048657967556.jpg,grey
10159049552058798.jpg,brown
10159050185469002.jpg,cyan
10159050758216970.jpg,cyan
10159051255446597.jpg,grey
10159051739461597.jpg,pink
10159051932573798.jpg,brown
10159053335849002.jpg,grey
10159054702827556.jpg,cyan
10159055621721970.jpg,grey
10159055869162556.jpg,brown
10159056057839002.jpg,brown
10159056691463798.jpg,brown
10159057427674002.jpg,grey
10159057871411970.jpg,cyan
10159058148347556.jpg,grey
10159058465581597.jpg,grey
10159058848548798.png,grey
10159059603856597.jpg,brown
10159060732528798.jpg,grey
10159060865657556.jpg,brown
10159062396286970.jpg,brown
10159062591144002.jpg,grey
10159064860577556.jpg,grey
10159065064228798.jpg,cyan
10159066143043798.jpg,brown
10159067192146970.jpg,cyan
10159067301927556.jpg,purple
10159067313824002.jpg,brown
10159068096834002.jpg,grey
10159068437929002.jpg,grey
10159069091526597.jpg,grey
10159069475404002.jpg,grey
10159070303599002.jpg,grey
10159071499714002.jpg,grey
10159071753337556.jpg,green
10159071774552556.jpg,grey
10159071815236597.jpg,cyan
10159071979316970.png,grey
10159073562208798.jpg,brown
10159073859372556.jpg,brown
10159074158904002.jpg,grey
10159076048064002.jpg,green
10159076158416597.jpg,purple
10159076507641597.jpg,cyan
10159076691672556.jpg,brown
10159076894219002.jpg,brown
10159077320544002.jpg,grey
10159077841368798.jpg,brown
10159079153804002.jpg,grey
10159079171261597.jpg,green
10159079453182556.jpg,grey
10159080040978798.png,pink
10159080481129002.png,blue
10159080615061597.jpg,brown
10159082163979002.jpg,brown
10159082807661597.jpg,cyan
10159082950109002.jpg,brown
10159083244974002.jpg,blue
10159085414462556.jpg,pink
10159086574453798.png,grey
10159086921369002.jpg,grey
10159087313312556.jpg,grey
10159087595349002.jpg,grey
10159088134266597.png,grey
10159089119869002.jpg,white
10159089442104002.jpg,grey
10159090410768798.jpg,white
10159090421648798.jpg,white
10159090435953798.jpg,grey
10159090436354002.jpg,green
10159090443807556.jpg,brown
10159092066864002.jpg,grey
10159092069631970.jpg,grey
10159092132002556.jpg,cyan
10159092475214002.jpg,cyan
10159092977571597.jpg,cyan
10159095026429002.jpg,green
10159095299742556.jpg,grey
10159095529594002.jpg,cyan
10159096098046970.jpg,brown
10159097357272556.jpg,cyan
10159097504466597.jpg,grey
10159097700983798.jpg,brown
10159097930836597.jpg,brown
10159099923868798.jpg,brown
10159100932203798.jpg,cyan
10159101125946597.png,brown
10159101314062556.jpg,cyan
10159102470996970.jpg,grey
10159102701719002.jpg,brown
10159103094776597.jpg,green
10159104233314002.jpg,grey
10159104522776970.jpg,grey
10159105134871597.jpg,grey
10159105213364002.jpg,brown
10159105380422556.jpg,grey
10159106657371970.jpg,red
10159107746578798.jpg,cyan
10159108021398798.jpg,white
10159108257561597.jpg,cyan
10159108504916970.jpg,grey
10159109170341597.png,grey
10159109183724002.jpg,grey
10159110223684002.jpg,grey
10159110904062556.jpg,brown
10159111158031597.jpg,brown
10159111502596597.png,brown
10159111843604002.jpg,grey
10159113044734002.jpg,grey
10159113353221597.jpg,grey
10159114186081970.jpg,grey
10159114653219002.jpg,grey
10159115303524002.jpg,grey
10159115935226597.jpg,grey
10159116196966970.jpg,grey
10159117261382556.jpg,cyan
10159117740109002.jpg,grey
10159117752669002.jpg,green
10159117761964002.jpg,cyan
10159117787514002.jpg,cyan
10159117802889002.jpg,grey
10159117808504002.jpg,cyan
10159117815119002.jpg,cyan
10159117827544002.jpg,cyan
10159117830944002.jpg,cyan
10159117838546597.jpg,grey
10159117839474002.jpg,cyan
10159118509516597.png,brown
10159118922004002.jpg,cyan
10159119347187556.jpg,grey
10159120438576597.jpg,brown
10159121517292556.jpg,brown
10159121916178798.jpg,cyan
10159122061347556.jpg,grey
10159122687458798.jpg,brown
10159123253029002.jpg,brown
10159124133386970.jpg,brown
10159124420357556.jpg,grey
10159124886893798.jpg,brown
10159124888218798.jpg,pink
10159125070398798.jpg,grey
10159125610634002.jpg,grey
10159125633051597.jpg,grey
10159127196246597.jpg,purple
10159127629729002.jpg,grey
10159127669606597.png,grey
10159128283136970.jpg,cyan
10159129084312556.jpg,grey
10159130422146970.jpg,cyan
10159130565489002.jpg,cyan
10159131211352556.jpg,brown
10159131341427556.jpg,grey
10159131771586597.jpg,cyan
10159131805268798.jpg,brown
10159132688404002.jpg,cyan
10159133109612556.jpg,purple
10159133678637556.jpg,brown
10159134807172556.png,grey
10159135042328798.jpg,grey
10159135152339002.jpg,grey
10159136768299002.jpg,grey
10159137378219002.jpg,green
10159137526408798.jpg,grey
10159137633464002.jpg,cyan
10159138520759002.jpg,grey
10159138713333798.jpg,brown
10159139903782556.jpg,brown
10159141020109002.jpg,grey
10159141883956597.jpg,grey
10159142397179002.jpg,grey
10159142406266597.jpg,grey
10159142612487556.jpg,green
10159143721117556.png,cyan
10159145236844002.jpg,grey
10159145595854002.jpg,cyan
10159146596758798.jpg,brown
10159146974836597.jpg,grey
10159147416187556.jpg,grey
10159147623734002.jpg,grey
10159148022224002.jpg,grey
10159148365882556.jpg,cyan
10159148845643798.jpg,brown
10159150189789002.jpg,grey
10159150996029002.jpg,brown
10159151184078798.jpg,cyan
10159151246722556.jpg,green
10159152536559002.jpg,grey
10159152873034002.jpg,brown
10159152875957556.jpg,brown
10159153207944002.jpg,cyan
10159153430216597.jpg,grey
10159153770959002.jpg,grey
10159155251284002.jpg,grey
10159155373139002.jpg,grey
10159155860561597.jpg,blue
10159156054752556.jpg,grey
10159156248369002.jpg,brown
10159156425907556.jpg,grey
10159157016184002.jpg,brown
10159158035561597.jpg,cyan
10159158392741597.jpg,grey
10159158828322556.jpg,brown
10159159560419002.jpg,grey
10159159834319002.jpg,brown
10159160438071597.jpg,grey
10159160739534002.jpg,grey
10159161312404002.jpg,grey
10159162201164002.jpg,grey
10159162687347556.jpg,grey
10159163027474002.jpg,cyan
10159164141053798.jpg,cyan
10159164363099002.jpg,cyan
10159164676994002.jpg,brown
10159165109661597.jpg,red
10159166134149002.jpg,grey
10159166173766597.jpg,grey
10159166211467556.jpg,green
10159166838814002.jpg,brown
10159167242729002.jpg,cyan
10159168133882556.jpg,cyan
10159168979088798.jpg,grey
10159170274074002.jpg,brown
10159170544881597.png,cyan
10159172476118798.jpg,brown
10159173163801597.jpg,grey
10159173685923798.jpg,brown
10159174272504002.jpg,grey
10159175746319002.jpg,cyan
10159178324072556.jpg,grey
10159178674054002.jpg,white
10159179502307556.jpg,grey
10159179982156597.jpg,brown
10159181350324002.jpg,grey
10159182221389002.jpg,purple
10159182473706597.jpg,grey
10159182599512556.jpg,yellow
10159183214411597.jpg,grey
10159183682428798.jpg,grey
10159185088589002.jpg,grey
10159185815028798.jpg,brown
10159185861752556.jpg,grey
10159185871919002.jpg,white
10159186715754002.jpg,grey
10159187141716597.jpg,grey
10159188155677556.jpg,blue
10159188543639002.jpg,cyan
10159189365754002.jpg,grey
10159189633004002.jpg,cyan
10159190467107556.jpg,cyan
10159192228274123.png,cyan
10159192276756597.jpg,grey
10159193043158798.jpg,brown
10159193819403798.jpg,cyan
10159196453411597.jpg,green
10159196941884002.jpg,grey
10159197298659002.jpg,grey
10159197337862556.jpg,blue
10159198203838798.jpg,white
10159198932214002.png,grey
10159198961096597.jpg,brown
10159199072614002.jpg,blue
10159199389987556.jpg,grey
10159199624111597'.jpg,grey
10159199697804002.jpg,grey
10159200776864002.jpg,grey
10159201100652556.jpg,grey
10159201509509002.png,blue
10159202116969002.jpg,grey
10159202958519002.jpg,purple
10159203758053798.jpg,grey
10159204204036597.png,grey
10159204329364002.jpg,brown
10159204618269002.jpg,grey
10159205454862556.jpg,grey
10159205495914002.jpg,grey
10159206810379002.jpg,brown
10159206941776597.jpg,grey
10159207327631597.jpg,cyan
10159207459482556.jpg,grey
10159207633284002.jpg,cyan
10159207950318798.jpg,brown
10159208033124002.jpg,cyan
10159209053736597.jpg,cyan
10159209599231597.png,brown
10159209735864002.jpg,cyan
10159210136339002.jpg,grey
10159211014261597.jpg,grey
10159211107234002.jpg,cyan
10159212654902556.jpg,brown
10159213088141597.jpg,brown
10159213548453798.jpg,purple
10159218041006597.jpg,yellow
10159218094452556.jpg,cyan
10159218545886597.jpg,grey
10159219833562556.jpg,blue
10159219900503798.jpg,grey
10159220059603798.jpg,brown
10159220475641597.jpg,grey
10159223254778798.jpg,grey
10159223266266597.jpg,brown
10159223393014002.jpg,cyan
10159223619022556.jpg,grey
10159223898461597.jpg,grey
10159224813734002.jpg,grey
10159225563146597.jpg,brown
10159225737604002.jpg,grey
10159225961188798.jpg,grey
10159226494896597.jpg,brown
10159227156742556.jpg,grey
10159227163334002.jpg,grey
10159228082619002.jpg,purple
10159228165026597.jpg,grey
10159229975102556.jpg,grey
10159230272756597.png,blue
10159231273907556.jpg,grey
10159232129253798.jpg,brown
10159233607516597.jpg,grey
10159235000913798.jpg,grey
10159235025582556.jpg,cyan
10159235569484002.jpg,brown
10159235858359002.jpg,purple
10159238076799002.jpg,grey
10159238098596597.jpg,brown
10159238531242556.jpg,green
10159239007324002.jpg,blue
10159239565724002.jpg,grey
10159240199613798.jpg,brown
10159240292074002.jpg,grey
10159240568064002.jpg,purple
10159241196127556.jpg,grey
10159241512393798.jpg,green
10159241775864002.jpg,brown
10159241944533798.jpg,cyan
10159243254112556.jpg,green
10159243559509002.jpg,grey
10159243617326597.jpg,grey
10159244217329002.jpg,grey
10159244436728798.jpg,grey
10159244586876597.png,grey
10159245153574002.jpg,green
10159245762176597.jpg,red
10159246722372556.jpg,brown
10159248461921597.jpg,grey
10159249305502556.jpg,brown
10159250426117556.jpg,cyan
10159251780881597.png,red
10159252510903798.jpg,grey
10159252579427556.jpg,grey
10159252787823798.jpg,grey
10159253154186597.jpg,brown
10159254310093798.jpg,brown
10159254629669002.jpg,red
10159254892264002.jpg,brown
10159255200312556.jpg,cyan
10159256824699002.jpg,grey
10159257051524002.jpg,grey
10159257364822556.png,red
10159257778134002.jpg,grey
10159258314441597.jpg,cyan
10159258746978798.jpg,grey
10159259015949002.jpg,green
10159259151821597.jpg,grey
10159259259359002.jpg,green
10159260197382556.jpg,red
10159260503219002.jpg,grey
10159260658566597.png,cyan
10159260663528798.jpg,brown
10159260770797556.jpg,grey
10159261369954002.jpg,cyan
10159262010483798.jpg,blue
10159262745282556.jpg,grey
10159262919117556.jpg,cyan
10159263620019002.jpg,grey
10159263652113798.jpg,brown
10159264074473798.jpg,brown
10159264513116597.jpg,grey
10159264960994002.jpg,brown
10159265568937556.jpg,grey
10159266058229002.jpg,grey
10159267602674002.jpg,brown
10159268414546597.jpg,brown
10159268502004002.jpg,green
10159269015984002.jpg,cyan
10159269270522556.jpg,cyan
10159270097018798.jpg,brown
10159270619814002.jpg,grey
10159271161614002.png,grey
10159271254661597.jpg,grey
10159271838119002.jpg,cyan
10159271921197556.jpg,grey
10159272485733798.jpg,grey
10159272968104002.jpg,grey
10159273691247556.jpg,grey
10159274736286597.jpg,cyan
10159275009284002.jpg,blue
10159275719154002.jpg,grey
10159275758457556.jpg,brown
10159276498841597.jpg,cyan
10159277957488798.jpg,brown
10159278059974002.jpg,brown
10159278189382556.jpg,cyan
10159279621341597.jpg,grey
10159281408571597.jpg,cyan
10159282072751597.jpg,cyan
10159283086154002.jpg,grey
10159283522039002.jpg,grey
10159284386841597.jpg,green
10159284462522556.jpg,cyan
10159284753679002.jpg,cyan
10159285022064002.jpg,white
10159285176959002.jpg,grey
10159285275184002.jpg,brown
10159285299139002.jpg,grey
10159285387999002.jpg,grey
10159285706996597.jpg,grey
10159286237462556.jpg,brown
10159286311281597.jpg,cyan
10159287154449002.jpg,brown
10159287817571597.jpg,brown
10159287888592556.jpg,grey
10159288596526597.jpg,grey
10159289927597556.jpg,grey
10159290262744002.jpg,grey
10159290506641597.jpg,brown
10159291978677556.jpg,blue
10159292594139002.jpg,brown
10159292899074002.jpg,cyan
10159293725769002.jpg,cyan
10159293965762556.jpg,grey
10159295356066597.jpg,grey
10159295841529002.jpg,grey
10159295852382556.jpg,grey
10159296148239002.jpg,grey
10159297529644002.jpg,blue
10159297878281597.jpg,brown
10159298157087556.jpg,green
10159299589229002.jpg,cyan
10159300299512556.jpg,grey
10159301548346597.jpg,brown
10159302055746597.jpg,cyan
10159302867827556.jpg,brown
10159304304254002.jpg,grey
10159304616817556.jpg,grey
10159306449026597.jpg,grey
10159306999137556.jpg,cyan
10159307548859002.jpg,purple
10159309215026597.jpg,cyan
10159310277439002.jpg,green
10159310417429002.jpg,brown
10159311112749002.png,grey
10159312883679002.jpg,grey
10159313785621597.jpg,grey
10159314134411597.jpg,grey
10159315361124002.jpg,grey
10159315785126597.jpg,grey
10159316418696597.jpg,cyan
10159316820394002.png,grey
10159317792891597.jpg,grey
10159318906809002.jpg,grey
10159321428626597.jpg,grey
10159321432499002.jpg,grey
10159322032959002.jpg,purple
10159322909504002.jpg,brown
10159323781909002.jpg,grey
10159323881961597.jpg,grey
10159324322019002.jpg,cyan
10159325185424002.jpg,grey
10159325599536597.jpg,grey
10159325899999002.jpg,brown
10159326347566597.jpg,brown
10159327528814002.jpg,grey
10159329045054002.jpg,brown
10159329948281597.jpg,grey
10159330641589002.png,grey
10159332177169002.jpg,grey
10159332316646597.jpg,grey
10159332562509002.jpg,grey
10159333102956597.jpg,cyan
10159334609714002.jpg,grey
10159334713266597.jpg,cyan
10159335572901597.jpg,grey
10159338323761597.jpg,grey
10159338560904002.jpg,grey
10159339500089002.jpg,grey
10159340110406597.jpg,grey
10159340193374002.jpg,cyan
10159340906381597.jpg,cyan
10159342062009002.jpg,grey
10159342392929002.jpg,cyan
10159342851411597.jpg,green
10159343151241597.jpg,cyan
10159344745384002.jpg,brown
10159345080776597.jpg,grey
10159345092649002.png,grey
10159345808069002.jpg,grey
10159347440096597.jpg,grey
10159347544959002.jpg,grey
10159348226604002.jpg,cyan
10159349398549002.jpg,grey
10159349664416597.jpg,cyan
10159350881499002.jpg,blue
10159351233066597.png,grey
10159353328299002.png,cyan
10159355752731597.jpg,cyan
10159356263784002.jpg,brown
10159356542446597.jpg,cyan
10159357815249002.jpg,cyan
10159358203246597.jpg,cyan
10159358456419002.jpg,grey
10159358724059002.jpg,grey
10159360281744002.jpg,grey
10159360883184002.jpg,yellow
10159361798084002.jpg,cyan
10159362566774002.jpg,cyan
10159363156319002.jpg,brown
10159363512516597.jpg,cyan
10159363766661597.jpg,green
10159364805584002.jpg,brown
10159366072821597.jpg,grey
10159367352271597.jpg,grey
10159369117144002.jpg,grey
10159369212921597.jpg,cyan
10159370420229002.png,cyan
10159371133131597.jpg,brown
10159371451934002.jpg,grey
10159372962126597.jpg,grey
10159373631474002.jpg,grey
10159375594326597.jpg,grey
10159376074856597.jpg,grey
10159376273814002.jpg,grey
10159378274636597.jpg,cyan
10159378513049002.jpg,blue
10159379204614002.jpg,cyan
10159379569091597.jpg,cyan
10159380090946597.jpg,green
10159381533141597.jpg,purple
10159382207704002.jpg,blue
10159383682501597.jpg,grey
10159385638816597.jpg,grey
10159385696464002.jpg,brown
10159388078359002.jpg,yellow
10159390522579002.jpg,green
10159393327899002.jpg,cyan
10159394674489002.jpg,grey
10159395674774002.jpg,brown
10159397076809002.jpg,grey
10159397320664002.jpg,green
10159398316379002.jpg,brown
10159399739644002.jpg,cyan
10159400789994002.jpg,grey
10159401521109002.jpg,grey
10159402273499002.jpg,grey
10159404686374002.jpg,cyan
10159405413139002.png,purple
10159406329484002.jpg,cyan
10159409346984002.jpg,grey
10159410311674002.jpg,cyan
10159410908574002.jpg,grey
10159411727334002.jpg,grey
10159413144109002.png,red
10159413372409002.jpg,grey
10159413914784002.jpg,grey
10159415903749002.jpg,grey
10159416138174002.jpg,grey
10159416674054002.jpg,cyan
10159419016469002.jpg,grey
10159419545389002.jpg,pink
10159420333429002.jpg,grey
10159420801534002.jpg,brown
10159420838509002.jpg,cyan
10159420980554002.jpg,grey
10159421460829002.jpg,grey
10159421515129002.jpg,grey
10159421521524002.jpg,grey
10159424472194002.jpg,grey
10159435954559002.png,grey
10159437672309002.jpg,brown
10159438707709002.jpg,grey
10159441312864002.jpg,cyan
10159443298259002.jpg,grey
10159443508794002.jpg,grey
10159449439749002.jpg,grey
10159450925684002.jpg,grey
10159456196799002.jpg,grey
10159457596244002.jpg,cyan
10159458917989002.jpg,grey
10159460113289002.jpg,grey
10159462170524002.jpg,brown
10159465029074002.jpg,cyan
10160953905484852.jpg,green
10160964498524852.jpg,green
10161004013479852.jpg,grey
10161014779649852.jpg,cyan
10161031270054852.jpg,blue
10161034536754852.jpg,green
10161054636509852.jpg,grey
10161065318039852.jpg,grey
10161071549179852.jpg,blue
10161078935499852.jpg,grey
10161088836724852.jpg,cyan
10161108493069852.jpg,brown
10161120970154852.jpg,white
10161139503519852.jpg,cyan
10161151708559852.jpg,blue
10161165370549852.jpg,cyan
10161168733534852.jpg,grey
10161179454074852.jpg,grey
10161192427144852.jpg,blue
10161196426249852.jpg,cyan
10161214691494852.jpg,cyan
10161242887429852.jpg,green
10161251732669852.jpg,grey
10161257166619852.jpg,blue
10161272691414852.jpg,grey
10161281386824852.jpg,green
10161288540209852.jpg,cyan
10161294954129852.jpg,cyan
10161321688424852.jpg,brown
10161336226069852.jpg,green
10161343156874852.jpg,green
10161365215769852.jpg,green
10161369148234852.jpg,grey
10161371649554852.jpg,green
10161388842409852.jpg,cyan
10161399002519852.jpg,green
10161405290119852.jpg,grey
10161409502799852.jpg,cyan
10161422426739852.jpg,grey
10161428532594852.jpg,cyan
10161433217469852.jpg,cyan
10161445308794852.jpg,brown
10161459204274852.jpg,green
10161465838914852.jpg,green
10161480074309852.jpg,green
10161493968594852.jpg,cyan
10161530159834852.jpg,cyan
10161533800739852.jpg,green
10161536789624852.jpg,cyan
10161543718859852.jpg,blue
10161565302464852.jpg,grey
10161569671859852.jpg,blue
10161581067859852.jpg,blue
10161592273664852.jpg,grey
10161606002514852.jpg,blue
10161614129429852.jpg,white
10161632421934852.jpg,green
10161634544914852.jpg,green
10161643491989852.jpg,green
10161646664789852.jpg,cyan
10161662403179852.jpg,grey
10161682437219852.jpg,cyan
10161686760364852.jpg,green
10161689917874852.jpg,green
10161698912724852.jpg,green
10161707141739852.jpg,blue
10161710895079852.jpg,blue
10161736401939852.jpg,brown
10161741019029852.jpg,green
10161748405914852.jpg,green
10161754398674852.jpg,green
10161762845184852.jpg,green
10161767655804852.jpg,green
10161793416279852.jpg,cyan
10161801436654852.jpg,blue
10161822824664852.jpg,green
10161836932159852.jpg,green
10161840563129852.jpg,green
10161845063364852.jpg,green
10161858972804852.jpg,cyan
10161862906854852.jpg,green
10161870962729852.jpg,green
10161881656529852.jpg,grey
10161895904394852.jpg,grey
10161916989309852.jpg,grey
10161922262229852.jpg,green
10161932351394852.jpg,grey
10161936416924852.jpg,blue
10161974657324852.jpg,green
10161977064009852.jpg,green
10161984906759852.jpg,green
10161999078144852.jpg,yellow
10162019173449852.jpg,green
10162021659074852.jpg,green
10162043046084852.jpg,grey
10162045966534852.jpg,brown
10162058404219852.jpg,grey
10162063565519852.jpg,grey
10162070321834852.jpg,green
10162100732194852.png,green
10162112783189852.png,green
10162116506149852.jpg,cyan
10162119498434852.jpg,green
10162134454099852.png,red
10162137916314852.jpg,grey
10162149401124852.jpg,grey
10162156900094852.png,brown
10162164517694852.png,green
10162168109224852.jpg,grey
10162191440934852.png,grey
10162200123289852.jpg,grey
10162216499814852.jpg,green
10162234242044852.jpg,orange
10162264142334852.jpg,green
